Code,Price,Cost,Product Variants Separated by |
U90-1019-15L ,60,58,
U90-1019-5L ,24,23,
U90-1111-15L ,60,55.2208,
U90-1111-5L ,24,23,
U90-1200-15L ,60,58,
U90-1200-5L ,24,23,
U90-1202-15L ,60,58,
U90-1202-5L ,24,23,
U90-1203-15L ,60,58,
U90-1203-5L ,24,23,
U90-1205-15L ,60,58,
U90-1205-5L ,24,23,
U90-1206-15L ,75,73,
U90-1206-5L ,30,29,
U90-1207-15L ,75,73,
U90-1207-5L ,30,29,
U90-1208-15L ,70,68,
U90-1208-5L ,28,27,
U90-1209-15L ,75,73,
U90-1209-5L ,30,29,
U90-1301-15L ,65,63,
U90-1301-5L ,26,25,
U90-1302-15L ,70,68,
U90-1302-5L ,28,27,
U90-1303-15L ,75,73,
U90-1303-5L ,30,29,
U90-1304-15L ,75,73,
U90-1304-5L ,30,29,
U90-1305-15L ,70,68,
U90-1305-5L ,28,27,
U90-1306-15L ,75,72.5,
U90-1306-5L ,30,29,
U90-1307-15L ,60,56,
U90-1307-5L ,24,23,
U90-1308-15L ,70,68,
U90-1308-5L ,28,27,
U90-1309-15L ,60,56.2222,
U90-1309-5L ,24,23,
U90-1310-15L ,70,68,
U90-1310-5L ,28,27,
U90-1311-15L ,70,68,
U90-1311-5L ,28,27,
U90-1312-15L ,65,63,
U90-1312-5L ,26,25,
U90-1313-15L ,75,73,
U90-1313-5L ,30,29,
U90-1314-15L ,65,63,
U90-1314-5L ,26,25,
U90-1315-15L ,70,68,
U90-1315-5L ,28,27,
U90-1416-15L ,60,58,
U90-1416-5L ,24,23,
U90-2330-15L ,60,58,
U90-2330-5L ,24,23,
U90-2391-15L ,60,58,
U90-2391-5L ,24,23,
U90-2392-15L ,60,58,
U90-2392-5L ,24,23,
U90-2416-15L ,60,57,
U90-2416-5L ,24,23,
U90-2516-15L ,70,68,
U90-2516-5L ,28,27,
U90-2523-15L ,60,58,
U90-2523-5L ,24,23,
U90-2569-15L ,65,63,
U90-2569-5L ,26,25,
U90-2603-15L ,65,63,
U90-2603-5L ,26,25,
U90-2630-15L ,60,58,
U90-2630-5L ,24,23,
U90-2733-15L ,60,58,
U90-2733-5L ,24,23,
U90-2920-15L ,60,58,
U90-2920-5L ,24,23,
U90-2923-15L ,60,58,
U90-2923-5L ,24,23,
U90-2927-15L ,60,58,
U90-2927-5L ,24,23,
U90-2946-15L ,60,58,
U90-2946-5L ,24,23,
U90-2954-15L ,65,63,
U90-2954-5L ,26,25,
U90-2955-15L ,65,63,
U90-2955-5L ,26,25,
U90-2956-15L ,65,63,
U90-2956-5L ,26,25,
U90-2959-15L ,70,68,
U90-2959-5L ,28,27,
U90-2962-15L ,60,58,
U90-2962-5L ,24,23,
U90-2963-15L ,60,58,
U90-2963-5L ,24,23,
U90-2965-15L ,60,58,
U90-2965-5L ,24,23,
U90-3016-15L ,70,68,
U90-3016-5L ,28,27,
U90-3104-15L ,60,58,
U90-3104-5L ,24,23,
U90-3107-15L ,70,68,
U90-3107-5L ,28,27,
U90-3112-15L ,60,58,
U90-3112-5L ,24,23,
U90-3121-15L ,60,58,
U90-3121-5L ,24,23,
U90-3122-15L ,60,58,
U90-3122-5L ,24,23,
U90-3126-15L ,60,58,
U90-3126-5L ,24,23,
U90-3127-15L ,65,62,
U90-3127-5L ,26,25,
U90-3131-15L ,60,58,
U90-3131-5L ,24,23,
U90-3132-15L ,65,63,
U90-3132-5L ,26,25,
U90-3133-15L ,70,68,
U90-3133-5L ,28,27,
U90-3134-15L ,60,57,
U90-3134-5L ,24,23,
U90-3204-15L ,70,68,
U90-3204-5L ,28,27,
U90-3303-15L ,60,58,
U90-3303-5L ,24,23,
U90-3363-15L ,70,68,
U90-3363-5L ,28,27,
U90-3570-15L ,70,68,
U90-3570-5L ,28,27,
U90-4538-15L ,60,57,
U90-4538-5L ,24,23,
U90-4545-15L ,60,58,
U90-4545-5L ,24,23,
U90-4561-15L ,65,63,
U90-4561-5L ,26,25,
U90-4563-15L ,60,58,
U90-4563-5L ,24,23,
U90-4566-15L ,65,63,
U90-4566-5L ,26,25,
U90-4580-15L ,60,58,
U90-4580-5L ,24,23,
U90-4582-15L ,60,58,
U90-4582-5L ,24,23,
U90-4583-15L ,60,58,
U90-4583-5L ,24,23,
U90-4584-15L ,60,58,
U90-4584-5L ,24,23,
U90-4585-15L ,65,62,
U90-4585-5L ,26,25,
U90-4702-15L ,75,73,
U90-4702-5L ,30,29,
U90-4904-15L ,65,63,
U90-4904-5L ,26,25,
